{"mean":{"confidence_interval":{"confidence_level":0.95,"lower_bound":1281508780.7,"upper_bound":1385720652.9},"point_estimate":1327617609.2,"standard_error":26821283.02939685},"median":{"confidence_interval":{"confidence_level":0.95,"lower_bound":1267596231.5,"upper_bound":1390674972.5},"point_estimate":1298257600.0,"standard_error":25814696.675803605},"median_abs_dev":{"confidence_interval":{"confidence_level":0.95,"lower_bound":4019752.5522351265,"upper_bound":112040164.51908946},"point_estimate":41896557.664087415,"standard_error":26238218.94443263},"slope":null,"std_dev":{"confidence_interval":{"confidence_level":0.95,"lower_bound":19075391.630530786,"upper_bound":114162514.48902912},"point_estimate":89004268.89293517,"standard_error":25691913.11321864}}