{"mean":{"confidence_interval":{"confidence_level":0.95,"lower_bound":3417284178.3875003,"upper_bound":3536247306.8},"point_estimate":3475650458.9,"standard_error":30510277.062817074},"median":{"confidence_interval":{"confidence_level":0.95,"lower_bound":3372838272.0,"upper_bound":3562410726.0},"point_estimate":3482137092.0,"standard_error":42263046.448640406},"median_abs_dev":{"confidence_interval":{"confidence_level":0.95,"lower_bound":15440062.2525841,"upper_bound":191821155.27189374},"point_estimate":120330096.32641375,"standard_error":49480708.582670845},"slope":null,"std_dev":{"confidence_interval":{"confidence_level":0.95,"lower_bound":57996925.77047973,"upper_bound":125124132.67119557},"point_estimate":101634479.76577407,"standard_error":17417154.40992961}}