{"mean":{"confidence_interval":{"confidence_level":0.95,"lower_bound":2034115833.4550002,"upper_bound":2056549536.6},"point_estimate":2045579145.8,"standard_error":5733786.541121158},"median":{"confidence_interval":{"confidence_level":0.95,"lower_bound":2026892992.0,"upper_bound":2061104946.0},"point_estimate":2051370582.0,"standard_error":10037026.322310708},"median_abs_dev":{"confidence_interval":{"confidence_level":0.95,"lower_bound":4232651.684555411,"upper_bound":31449640.080857277},"point_estimate":22189904.048350453,"standard_error":7349052.677795241},"slope":null,"std_dev":{"confidence_interval":{"confidence_level":0.95,"lower_bound":11758293.473802423,"upper_bound":22505693.277118415},"point_estimate":19104857.466095548,"standard_error":2704462.5863121804}}