{"mean":{"confidence_interval":{"confidence_level":0.95,"lower_bound":3843986517.0,"upper_bound":4023985699.99},"point_estimate":3933311028.1,"standard_error":46086042.835802585},"median":{"confidence_interval":{"confidence_level":0.95,"lower_bound":3803615786.0,"upper_bound":4092609157.0},"point_estimate":3911003680.5,"standard_error":75789655.41663554},"median_abs_dev":{"confidence_interval":{"confidence_level":0.95,"lower_bound":45239199.39534366,"upper_bound":259469981.514287},"point_estimate":188135036.63953543,"standard_error":56707837.04876978},"slope":null,"std_dev":{"confidence_interval":{"confidence_level":0.95,"lower_bound":95997845.95216633,"upper_bound":183780102.23695794},"point_estimate":153537634.8853809,"standard_error":22361170.828757323}}