{"mean":{"confidence_interval":{"confidence_level":0.95,"lower_bound":0.8776923726212138,"upper_bound":0.9675778784541865},"point_estimate":0.9228349272996388,"standard_error":0.023221436722750673},"median":{"confidence_interval":{"confidence_level":0.95,"lower_bound":0.8521553927266221,"upper_bound":1.0007027425067423},"point_estimate":0.9065320107529942,"standard_error":0.03883966209232675}}