{"mean":{"confidence_interval":{"confidence_level":0.95,"lower_bound":-0.17245056347551568,"upper_bound":-0.01644423904549852},"point_estimate":-0.09163458115498513,"standard_error":0.0406602479447947},"median":{"confidence_interval":{"confidence_level":0.95,"lower_bound":-0.15041546795073257,"upper_bound":0.011700918474758737},"point_estimate":-0.02974869807863234,"standard_error":0.034369943456717324}}