{"mean":{"confidence_interval":{"confidence_level":0.95,"lower_bound":-0.1411422689098508,"upper_bound":-0.0906869734746405},"point_estimate":-0.1163550418287349,"standard_error":0.012923062878073738},"median":{"confidence_interval":{"confidence_level":0.95,"lower_bound":-0.1569256858927368,"upper_bound":-0.07834653219634824},"point_estimate":-0.10965640115305941,"standard_error":0.020495576390816724}}